label,N,P50,P95,P99,P99.9,MAX,>50ms,>50ms_per_million,>200ms,>200ms_per_million,>1s,>1s_per_million,>5s,>5s_per_million,>10s,>10s_per_million,>20s,>20s_per_million
PRE,1877254,0.001513,0.002406,0.005664,0.03187391599999927,29.501471,835,444.7986260783037,282,150.2194162324331,59,31.428884956431045,33,17.578867856986854,12,6.392315584358856,6,3.196157792179428
POST,1998947,0.00151,0.002229,0.004727,0.043899378000000024,14.896076,1450,725.3819135774986,207,103.55452145554635,27,13.507111494201697,10,5.0026338867413696,4,2.001053554696548,0,0.0
